Start,End,Length,Feature_1,Feature_2,Feature_3,Feature_4,Feature_5,Feature_6,Feature_7,Feature_8,Feature_9,Feature_10,Feature_11,Feature_12,Feature_13,Feature_14,Feature_15
,,,,,,,,,,,,,,,,,
Group 0,,,,,,,,,,,,,,,,,
3907123,3907962,839,,,,,,,,,,,,,,,
3909932,3910771,839,,,,,,,,,,,,,,,
,,,,,,,,,,,,,,,,,
Group 1,,,,,,,,,,,,,,,,,
1853879,1855578,1699,SR852_09390(-),WQG63881.1(-) | Product: IS3 family transposase | Protein ID: WQG63881.1 | Note: programmed frameshift,WQG63881.1(-) | Product: IS3 family transposase | Protein ID: WQG63881.1 | Note: programmed frameshift,,,,,,,,,,,,
2426012,2427810,1798,SR852_12470(-),WQG60447.1(-) | Product: IS3 family transposase | Protein ID: WQG60447.1 | Note: programmed frameshift,WQG60447.1(-) | Product: IS3 family transposase | Protein ID: WQG60447.1 | Note: programmed frameshift,,,,,,,,,,,,
2605463,2607247,1784,SR852_13495(-),WQG60641.1(-) | Product: IS3 family transposase | Protein ID: WQG60641.1 | Note: programmed frameshift,WQG60641.1(-) | Product: IS3 family transposase | Protein ID: WQG60641.1 | Note: programmed frameshift,,,,,,,,,,,,
,,,,,,,,,,,,,,,,,
Group 2,,,,,,,,,,,,,,,,,
85310,87195,1885,SR852_00455(+),WQG62272.1(+) | Product: IS3 family transposase | Protein ID: WQG62272.1 | Note: programmed frameshift,WQG62272.1(+) | Product: IS3 family transposase | Protein ID: WQG62272.1 | Note: programmed frameshift,,,,,,,,,,,,
1107325,1109123,1798,SR852_05445(+),WQG63162.1(+) | Product: IS3 family transposase | Protein ID: WQG63162.1 | Note: programmed frameshift,WQG63162.1(+) | Product: IS3 family transposase | Protein ID: WQG63162.1 | Note: programmed frameshift,,,,,,,,,,,,
1418450,1420249,1799,SR852_07045(+),WQG63467.1(+) | Product: IS3 family transposase | Protein ID: WQG63467.1 | Note: programmed frameshift,WQG63467.1(+) | Product: IS3 family transposase | Protein ID: WQG63467.1 | Note: programmed frameshift,,,,,,,,,,,,
1646859,1648857,1998,SR852_08230(+),WQG63684.1(+) | Product: IS3 family transposase | Protein ID: WQG63684.1 | Note: programmed frameshift,WQG63684.1(+) | Product: IS3 family transposase | Protein ID: WQG63684.1 | Note: programmed frameshift,,,,,,,,,,,,
3204536,3206621,2085,SR852_16500(+),WQG61200.1(+) | Product: hypothetical protein | Protein ID: WQG61200.1,WQG61201.1(+) | Product: IS3 family transposase | Protein ID: WQG61201.1 | Note: programmed frameshift,WQG61201.1(+) | Product: IS3 family transposase | Protein ID: WQG61201.1 | Note: programmed frameshift,,,,,,,,,,,
,,,,,,,,,,,,,,,,,
Group 3,,,,,,,,,,,,,,,,,
217558,219796,2238,,,,,,,,,,,,,,,
228326,230564,2238,,,,,,,,,,,,,,,
,,,,,,,,,,,,,,,,,
Group 4,,,,,,,,,,,,,,,,,
452384,460051,7667,SR852_02140(-) | Product: tRNA-Thr,SR852_02145(-) | Product: tRNA-Asn,SR852_02155(-) | Product: 23S ribosomal RNA,SR852_02160(-) | Product: 16S ribosomal RNA,pdaB(+) | Product: polysaccharide deacetylase family sporulation protein PdaB | Protein ID: WQG62577.1,rrf(-) | Product: 5S ribosomal RNA,,,,,,,,,
515340,522970,7630,SR852_02545(-) | Product: 23S ribosomal RNA,SR852_02550(-) | Product: 16S ribosomal RNA,SR852_02555(-) | Product: tRNA-Ala,SR852_02560(-) | Product: tRNA-Pro,SR852_02565(-) | Product: tRNA-Arg,SR852_02570(-) | Product: tRNA-Leu,SR852_02575(-) | Product: tRNA-Gly,SR852_02580(-) | Product: tRNA-Leu,SR852_02585(-) | Product: tRNA-Lys,SR852_02590(-) | Product: tRNA-Thr,SR852_02595(-) | Product: tRNA-Val,WQG62649.1(-) | Product: UvrB/UvrC motif-containing protein | Protein ID: WQG62649.1,WQG62650.1(-) | Product: CtsR family transcriptional regulator | Protein ID: WQG62650.1,rrf(-) | Product: 5S ribosomal RNA,rrf(-) | Product: 5S ribosomal RNA
521249,528888,7639,SR852_02555(-) | Product: tRNA-Ala,SR852_02560(-) | Product: tRNA-Pro,SR852_02565(-) | Product: tRNA-Arg,SR852_02570(-) | Product: tRNA-Leu,SR852_02575(-) | Product: tRNA-Gly,SR852_02580(-) | Product: tRNA-Leu,SR852_02585(-) | Product: tRNA-Lys,SR852_02590(-) | Product: tRNA-Thr,SR852_02595(-) | Product: tRNA-Val,SR852_02605(-) | Product: 23S ribosomal RNA,SR852_02610(-) | Product: 16S ribosomal RNA,rrf(-) | Product: 5S ribosomal RNA,,,
581830,589380,7550,SR852_02925(-) | Product: 23S ribosomal RNA,SR852_02930(-) | Product: tRNA-Ala,SR852_02935(-) | Product: tRNA-Ile,SR852_02940(-) | Product: 16S ribosomal RNA,WQG62704.1(-) | Product: 5-bromo-4-chloroindolyl phosphate hydrolysis family protein | Protein ID: WQG62704.1,WQG62705.1(-) | Product: sigma factor G inhibitor Gin | Protein ID: WQG62705.1,WQG62706.1(-) | Product: pro-sigmaK processing inhibitor BofA family protein | Protein ID: WQG62706.1,WQG62707.1(-) | Product: YaaL family protein | Protein ID: WQG62707.1,rrf(-) | Product: 5S ribosomal RNA,,,,,,
606528,614078,7550,SR852_03060(-) | Product: 23S ribosomal RNA,SR852_03065(-) | Product: tRNA-Ala,SR852_03070(-) | Product: tRNA-Ile,SR852_03075(-) | Product: 16S ribosomal RNA,WQG62723.1(+) | Product: YaaC family protein | Protein ID: WQG62723.1,rrf(-) | Product: 5S ribosomal RNA,,,,,,,,,
3917217,3924609,7392,SR852_20380(-) | Product: tRNA-Trp,SR852_20385(-) | Product: tRNA-Tyr,SR852_20390(-) | Product: tRNA-Thr,SR852_20395(-) | Product: tRNA-Phe,SR852_20400(-) | Product: tRNA-Asp,SR852_20405(-) | Product: tRNA-Met,SR852_20410(-) | Product: tRNA-Val,SR852_20415(-) | Product: tRNA-Glu,SR852_20420(-) | Product: tRNA-Ser,SR852_20425(-) | Product: tRNA-Asn,SR852_20435(-) | Product: 23S ribosomal RNA,SR852_20440(-) | Product: 16S ribosomal RNA,WQG61925.1(-) | Product: nucleotidyltransferase-like protein | Protein ID: WQG61925.1,rrf(-) | Product: 5S ribosomal RNA,
