Start,End,Length,Feature_1,Feature_2,Feature_3,Feature_4,Feature_5,Feature_6,Feature_7,Feature_8,Feature_9,Feature_10,Feature_11,Feature_12,Feature_13,Feature_14,Feature_15,Feature_16,Feature_17,Feature_18,Feature_19,Feature_20,Feature_21,Feature_22
,,,,,,,,,,,,,,,,,,,,,,,,
Group 0,,,,,,,,,,,,,,,,,,,,,,,,
754683,755411,728,,,,,,,,,,,,,,,,,,,,,,
755213,755941,728,ECOLIN_03590[pseudo](+) | Note: disrupted,,,,,,,,,,,,,,,,,,,,,
,,,,,,,,,,,,,,,,,,,,,,,,
Group 1,,,,,,,,,,,,,,,,,,,,,,,,
4975515,4976249,734,,,,,,,,,,,,,,,,,,,,,,
,,,,,,,,,,,,,,,,,,,,,,,,
Group 2,,,,,,,,,,,,,,,,,,,,,,,,
547388,548128,740,,,,,,,,,,,,,,,,,,,,,,
547929,548669,740,,,,,,,,,,,,,,,,,,,,,,
,,,,,,,,,,,,,,,,,,,,,,,,
Group 3,,,,,,,,,,,,,,,,,,,,,,,,
3785732,3786487,755,,,,,,,,,,,,,,,,,,,,,,
,,,,,,,,,,,,,,,,,,,,,,,,
Group 4,,,,,,,,,,,,,,,,,,,,,,,,
5306515,5307290,775,,,,,,,,,,,,,,,,,,,,,,
,,,,,,,,,,,,,,,,,,,,,,,,
Group 5,,,,,,,,,,,,,,,,,,,,,,,,
5179900,5180684,784,,,,,,,,,,,,,,,,,,,,,,
5331076,5331860,784,,,,,,,,,,,,,,,,,,,,,,
,,,,,,,,,,,,,,,,,,,,,,,,
Group 6,,,,,,,,,,,,,,,,,,,,,,,,
4609439,4610237,798,ECOLIN_22180(+) | Product: 5S ribosomal RNA,,,,,,,,,,,,,,,,,,,,,
,,,,,,,,,,,,,,,,,,,,,,,,
Group 7,,,,,,,,,,,,,,,,,,,,,,,,
5325275,5326127,852,AID81788.1(-) | Product: hypothetical protein | Protein ID: AID81788.1,,,,,,,,,,,,,,,,,,,,,
,,,,,,,,,,,,,,,,,,,,,,,,
Group 8,,,,,,,,,,,,,,,,,,,,,,,,
4458050,4458933,883,,,,,,,,,,,,,,,,,,,,,,
,,,,,,,,,,,,,,,,,,,,,,,,
Group 9,,,,,,,,,,,,,,,,,,,,,,,,
3344214,3345098,884,,,,,,,,,,,,,,,,,,,,,,
4209815,4210699,884,,,,,,,,,,,,,,,,,,,,,,
,,,,,,,,,,,,,,,,,,,,,,,,
Group 10,,,,,,,,,,,,,,,,,,,,,,,,
3349099,3350281,1182,AID80010.1(-) | Product: transcriptional regulator | Protein ID: AID80010.1,,,,,,,,,,,,,,,,,,,,,
5089958,5091240,1282,AID81585.1(-) | Product: transcriptional regulator | Protein ID: AID81585.1,,,,,,,,,,,,,,,,,,,,,
5326860,5327858,998,AID81790.1(-) | Product: transcriptional regulator | Protein ID: AID81790.1,,,,,,,,,,,,,,,,,,,,,
5327060,5328058,998,AID81790.1(-) | Product: transcriptional regulator | Protein ID: AID81790.1,,,,,,,,,,,,,,,,,,,,,
,,,,,,,,,,,,,,,,,,,,,,,,
Group 11,,,,,,,,,,,,,,,,,,,,,,,,
5327650,5328747,1097,AID81791.1(-) | Product: transposase | Protein ID: AID81791.1,,,,,,,,,,,,,,,,,,,,,
5437773,5438870,1097,AID81875.1(-) | Product: transposase | Protein ID: AID81875.1,,,,,,,,,,,,,,,,,,,,,
,,,,,,,,,,,,,,,,,,,,,,,,
Group 12,,,,,,,,,,,,,,,,,,,,,,,,
5111147,5112258,1111,AID81596.1(-) | Product: GlcNAc-PI de-N-acetylase | Protein ID: AID81596.1,,,,,,,,,,,,,,,,,,,,,
5353774,5354885,1111,AID81802.1(-) | Product: GlcNAc-PI de-N-acetylase | Protein ID: AID81802.1,,,,,,,,,,,,,,,,,,,,,
,,,,,,,,,,,,,,,,,,,,,,,,
Group 13,,,,,,,,,,,,,,,,,,,,,,,,
5440015,5441199,1184,AID81878.1(+) | Product: hypothetical protein | Protein ID: AID81878.1,,,,,,,,,,,,,,,,,,,,,
,,,,,,,,,,,,,,,,,,,,,,,,
Group 14,,,,,,,,,,,,,,,,,,,,,,,,
1349551,1350749,1198,ECOLIN_06670[pseudo](+) | Note: disrupted,,,,,,,,,,,,,,,,,,,,,
,,,,,,,,,,,,,,,,,,,,,,,,
Group 15,,,,,,,,,,,,,,,,,,,,,,,,
5215962,5217163,1201,,,,,,,,,,,,,,,,,,,,,,
,,,,,,,,,,,,,,,,,,,,,,,,
Group 16,,,,,,,,,,,,,,,,,,,,,,,,
4828054,4829313,1259,AID81337.1(-) | Product: hypothetical protein | Protein ID: AID81337.1,AID81338.1(-) | Product: toxin | Protein ID: AID81338.1,AID81339.1(-) | Product: antitoxin | Protein ID: AID81339.1,,,,,,,,,,,,,,,,,,,
5422191,5423450,1259,AID81859.1(-) | Product: toxin | Protein ID: AID81859.1,AID81860.1(-) | Product: antitoxin | Protein ID: AID81860.1,,,,,,,,,,,,,,,,,,,,
,,,,,,,,,,,,,,,,,,,,,,,,
Group 17,,,,,,,,,,,,,,,,,,,,,,,,
3080606,3081937,1331,,,,,,,,,,,,,,,,,,,,,,
3081590,3082921,1331,AID79782.1(+) | Product: hypothetical protein | Protein ID: AID79782.1,,,,,,,,,,,,,,,,,,,,,
,,,,,,,,,,,,,,,,,,,,,,,,
Group 18,,,,,,,,,,,,,,,,,,,,,,,,
5202091,5203449,1358,,,,,,,,,,,,,,,,,,,,,,
5205264,5206622,1358,AID81676.1(+) | Product: nikA protein | Protein ID: AID81676.1,,,,,,,,,,,,,,,,,,,,,
,,,,,,,,,,,,,,,,,,,,,,,,
Group 19,,,,,,,,,,,,,,,,,,,,,,,,
2301850,2303248,1398,,,,,,,,,,,,,,,,,,,,,,
,,,,,,,,,,,,,,,,,,,,,,,,
Group 20,,,,,,,,,,,,,,,,,,,,,,,,
913895,915304,1409,AID77869.1(-) | Product: hypothetical protein | Protein ID: AID77869.1,AID77870.1(-) | Product: hypothetical protein | Protein ID: AID77870.1,,,,,,,,,,,,,,,,,,,,
914413,915812,1399,AID77870.1(-) | Product: hypothetical protein | Protein ID: AID77870.1,,,,,,,,,,,,,,,,,,,,,
,,,,,,,,,,,,,,,,,,,,,,,,
Group 21,,,,,,,,,,,,,,,,,,,,,,,,
1016722,1018147,1425,"ssuB(-) | Product: aliphatic sulfonates transport ATP-binding subunit | Protein ID: AID77950.1 | Note: part of the ABC type transport system SsuABC for aliphatic sulfonates; with SsuA being the periplasmic substrate-binding subunit, SsuB the ATP-binding subunit and SsuC the permease",,,,,,,,,,,,,,,,,,,,,
5436259,5437684,1425,AID81874.1(-) | Product: hypothetical protein | Protein ID: AID81874.1,"ssuB(-) | Product: aliphatic sulfonates transport ATP-binding subunit | Protein ID: AID81873.1 | Note: part of the ABC type transport system SsuABC for aliphatic sulfonates; with SsuA being the periplasmic substrate-binding subunit, SsuB the ATP-binding subunit and SsuC the permease",,,,,,,,,,,,,,,,,,,,
,,,,,,,,,,,,,,,,,,,,,,,,
Group 22,,,,,,,,,,,,,,,,,,,,,,,,
5084574,5086020,1446,AID81576.1(+) | Product: hypothetical protein | Protein ID: AID81576.1,AID81577.1(+) | Product: antitoxin of toxin-antitoxin stability system | Protein ID: AID81577.1,,,,,,,,,,,,,,,,,,,,
,,,,,,,,,,,,,,,,,,,,,,,,
Group 23,,,,,,,,,,,,,,,,,,,,,,,,
5427643,5429122,1479,,,,,,,,,,,,,,,,,,,,,,
,,,,,,,,,,,,,,,,,,,,,,,,
Group 24,,,,,,,,,,,,,,,,,,,,,,,,
4207553,4209043,1490,ECOLIN_20190(+) | Product: tRNA-Sec,,,,,,,,,,,,,,,,,,,,,
4208710,4210200,1490,,,,,,,,,,,,,,,,,,,,,,
,,,,,,,,,,,,,,,,,,,,,,,,
Group 25,,,,,,,,,,,,,,,,,,,,,,,,
1280208,1281759,1551,,,,,,,,,,,,,,,,,,,,,,
,,,,,,,,,,,,,,,,,,,,,,,,
Group 26,,,,,,,,,,,,,,,,,,,,,,,,
5041988,5043571,1583,AID81539.1(+) | Product: membrane protein | Protein ID: AID81539.1,ECOLIN_24285(-) | Product: tRNA-Leu,ECOLIN_24290(-) | Product: tRNA-Leu,ECOLIN_24295(-) | Product: tRNA-Leu,,,,,,,,,,,,,,,,,,
5425426,5427009,1583,AID81866.1(+) | Product: membrane protein | Protein ID: AID81866.1,ECOLIN_26365(-) | Product: tRNA-Leu,ECOLIN_26370(-) | Product: tRNA-Leu,ECOLIN_26375(-) | Product: tRNA-Leu,,,,,,,,,,,,,,,,,,
,,,,,,,,,,,,,,,,,,,,,,,,
Group 27,,,,,,,,,,,,,,,,,,,,,,,,
4608135,4609733,1598,ECOLIN_22175(+) | Product: tRNA-Glu,,,,,,,,,,,,,,,,,,,,,
,,,,,,,,,,,,,,,,,,,,,,,,
Group 28,,,,,,,,,,,,,,,,,,,,,,,,
5122888,5124496,1608,,,,,,,,,,,,,,,,,,,,,,
5380385,5381993,1608,AID81819.1(-) | Product: homoserine O-succinyltransferase | Protein ID: AID81819.1 | Note: catalyzes the formation of O-succinyl-L-homoserine from succinyl-CoA and L-homoserine in methionine biosynthesis,,,,,,,,,,,,,,,,,,,,,
,,,,,,,,,,,,,,,,,,,,,,,,
Group 29,,,,,,,,,,,,,,,,,,,,,,,,
1328772,1330407,1635,AID78248.1(-) | Product: transposase | Protein ID: AID78248.1,AID78249.1(-) | Product: transposase | Protein ID: AID78249.1,,,,,,,,,,,,,,,,,,,,
5180835,5182470,1635,AID81651.1(-) | Product: transposase | Protein ID: AID81651.1,AID81652.1(-) | Product: transposase | Protein ID: AID81652.1,,,,,,,,,,,,,,,,,,,,
,,,,,,,,,,,,,,,,,,,,,,,,
Group 30,,,,,,,,,,,,,,,,,,,,,,,,
1204194,1205864,1670,AID78112.1(+) | Product: hypothetical protein | Protein ID: AID78112.1,AID78113.1(+) | Product: protein 32 protein of plasmid | Protein ID: AID78113.1,ECOLIN_05730[pseudo](+) | Note: disrupted,ECOLIN_05740[pseudo](+) | Note: disrupted,,,,,,,,,,,,,,,,,,
,,,,,,,,,,,,,,,,,,,,,,,,
Group 31,,,,,,,,,,,,,,,,,,,,,,,,
4851038,4852721,1683,AID81367.1(-) | Product: fumarate reductase | Protein ID: AID81367.1 | Note: in conjunction with FrdC acts to anchor the catalytic components of the fumarate reductase to the cytoplasmic membrane,"AID81368.1(-) | Product: fumarate reductase | Protein ID: AID81368.1 | Note: part of four member fumarate reductase enzyme complex FrdABCD which catalyzes the reduction of fumarate to succinate during anaerobic respiration; FrdAB are the catalytic subcomplex consisting of a flavoprotein subunit and an iron-sulfur subunit, respectively; FrdCD are the membrane components which interact with quinone and are involved in electron transfer; the catalytic subunits are similar to succinate dehydrogenase SdhAB",AID81369.1(-) | Product: hypothetical protein | Protein ID: AID81369.1,AID81370.1(-) | Product: hypothetical protein | Protein ID: AID81370.1,,,,,,,,,,,,,,,,,,
4852322,4854005,1683,AID81371.1(-) | Product: fumarate reductase | Protein ID: AID81371.1 | Note: in conjunction with FrdC acts to anchor the catalytic components of the fumarate reductase to the cytoplasmic membrane,"AID81372.1(-) | Product: fumarate reductase | Protein ID: AID81372.1 | Note: part of four member fumarate reductase enzyme complex FrdABCD which catalyzes the reduction of fumarate to succinate during anaerobic respiration; FrdAB are the catalytic subcomplex consisting of a flavoprotein subunit and an iron-sulfur subunit, respectively; FrdCD are the membrane components which interact with quinone and are involved in electron transfer; the catalytic subunits are similar to succinate dehydrogenase SdhAB",,,,,,,,,,,,,,,,,,,,
,,,,,,,,,,,,,,,,,,,,,,,,
Group 32,,,,,,,,,,,,,,,,,,,,,,,,
2253744,2255461,1717,,,,,,,,,,,,,,,,,,,,,,
2259397,2261114,1717,,,,,,,,,,,,,,,,,,,,,,
,,,,,,,,,,,,,,,,,,,,,,,,
Group 33,,,,,,,,,,,,,,,,,,,,,,,,
952484,954208,1724,AID77906.1(-) | Product: translation initiation factor IF-1 | Protein ID: AID77906.1,ECOLIN_04585(-) | Product: tRNA-Ser,,,,,,,,,,,,,,,,,,,,
5433522,5435246,1724,AID81871.1(-) | Product: translation initiation factor IF-1 | Protein ID: AID81871.1,ECOLIN_26415(-) | Product: tRNA-Ser,"aat(-) | Product: leucyl/phenylalanyl-tRNA--protein transferase | Protein ID: AID81872.1 | Note: leucyltransferase; phenylalanyltransferse; functions in the N-end rule pathway; transfers Leu, Phe, Met, from aminoacyl-tRNAs to N-terminal of proteins with Arg or Lys",,,,,,,,,,,,,,,,,,,
,,,,,,,,,,,,,,,,,,,,,,,,
Group 34,,,,,,,,,,,,,,,,,,,,,,,,
4409985,4411720,1735,AID80975.1(+) | Product: lysophospholipase L2 | Protein ID: AID80975.1 | Note: lecithinase B; catalyzes the conversion of 1-lysophosphatidylcholine to glycerophosphocholine; can also hydrolyze 2-acyl glycerophosphoethanolamine and other substrates,AID80976.1(+) | Product: hypothetical protein | Protein ID: AID80976.1,,,,,,,,,,,,,,,,,,,,
4411321,4413056,1735,AID80977.1(+) | Product: lysophospholipase L2 | Protein ID: AID80977.1 | Note: lecithinase B; catalyzes the conversion of 1-lysophosphatidylcholine to glycerophosphocholine; can also hydrolyze 2-acyl glycerophosphoethanolamine and other substrates,,,,,,,,,,,,,,,,,,,,,
,,,,,,,,,,,,,,,,,,,,,,,,
Group 35,,,,,,,,,,,,,,,,,,,,,,,,
235908,237703,1795,ECOLIN_01090(+) | Product: 5S ribosomal RNA,ECOLIN_01095(+) | Product: tRNA-Asp,,,,,,,,,,,,,,,,,,,,
4342875,4344773,1898,ECOLIN_20890(+) | Product: 5S ribosomal RNA,ECOLIN_20895(+) | Product: tRNA-Asp,ECOLIN_20900(+) | Product: tRNA-Trp,,,,,,,,,,,,,,,,,,,
4466024,4467825,1801,ECOLIN_21500(+) | Product: 5S ribosomal RNA,,,,,,,,,,,,,,,,,,,,,
,,,,,,,,,,,,,,,,,,,,,,,,
Group 36,,,,,,,,,,,,,,,,,,,,,,,,
3632793,3634591,1798,AID80268.1(-) | Product: transcriptional regulator | Protein ID: AID80268.1 | Note: transcriptional repressor for the agaZVWA and agaSYBCDI operons,AID80269.1(+) | Product: hypothetical protein | Protein ID: AID80269.1,,,,,,,,,,,,,,,,,,,,
3634192,3635990,1798,AID80270.1(-) | Product: transcriptional regulator | Protein ID: AID80270.1 | Note: transcriptional repressor for the agaZVWA and agaSYBCDI operons,,,,,,,,,,,,,,,,,,,,,
,,,,,,,,,,,,,,,,,,,,,,,,
Group 37,,,,,,,,,,,,,,,,,,,,,,,,
1650249,1652058,1809,,,,,,,,,,,,,,,,,,,,,,
5428704,5430513,1809,AID81869.1(+) | Product: type IV secretion protein Rhs | Protein ID: AID81869.1,,,,,,,,,,,,,,,,,,,,,
,,,,,,,,,,,,,,,,,,,,,,,,
Group 38,,,,,,,,,,,,,,,,,,,,,,,,
2325025,2326834,1809,AID79144.1(-) | Product: hypothetical protein | Protein ID: AID79144.1,,,,,,,,,,,,,,,,,,,,,
5293819,5295628,1809,AID81759.1(-) | Product: hypothetical protein | Protein ID: AID81759.1,AID81760.1(-) | Product: hypothetical protein | Protein ID: AID81760.1,,,,,,,,,,,,,,,,,,,,
,,,,,,,,,,,,,,,,,,,,,,,,
Group 39,,,,,,,,,,,,,,,,,,,,,,,,
427446,429267,1821,AID77431.1(+) | Product: hypothetical protein | Protein ID: AID77431.1,,,,,,,,,,,,,,,,,,,,,
,,,,,,,,,,,,,,,,,,,,,,,,
Group 40,,,,,,,,,,,,,,,,,,,,,,,,
3316699,3318540,1841,AID79977.1(-) | Product: membrane protein | Protein ID: AID79977.1,,,,,,,,,,,,,,,,,,,,,
5438573,5440414,1841,AID81876.1(-) | Product: hypothetical protein | Protein ID: AID81876.1,AID81877.1(-) | Product: membrane protein | Protein ID: AID81877.1,AID81878.1(+) | Product: hypothetical protein | Protein ID: AID81878.1,,,,,,,,,,,,,,,,,,,
,,,,,,,,,,,,,,,,,,,,,,,,
Group 41,,,,,,,,,,,,,,,,,,,,,,,,
5375870,5377757,1887,ECOLIN_26090(+) | Product: tRNA-Glu,,,,,,,,,,,,,,,,,,,,,
,,,,,,,,,,,,,,,,,,,,,,,,
Group 42,,,,,,,,,,,,,,,,,,,,,,,,
3134221,3136297,2076,AID79827.1(+) | Product: transposase | Protein ID: AID79827.1,AID79828.1(+) | Product: transposase | Protein ID: AID79828.1,,,,,,,,,,,,,,,,,,,,
4335634,4337532,1898,AID80916.1(+) | Product: transposase | Protein ID: AID80916.1,AID80917.1(+) | Product: transposase | Protein ID: AID80917.1,,,,,,,,,,,,,,,,,,,,
5384434,5386532,2098,AID81822.1(+) | Product: transposase | Protein ID: AID81822.1,AID81823.1(+) | Product: transposase | Protein ID: AID81823.1,,,,,,,,,,,,,,,,,,,,
5410673,5412571,1898,AID81847.1(+) | Product: transposase | Protein ID: AID81847.1,AID81848.1(+) | Product: transposase | Protein ID: AID81848.1,AID81849.1(+) | Product: hypothetical protein | Protein ID: AID81849.1,,,,,,,,,,,,,,,,,,,
5412010,5414030,2020,AID81849.1(+) | Product: hypothetical protein | Protein ID: AID81849.1,AID81850.1(+) | Product: transposase | Protein ID: AID81850.1,AID81851.1(+) | Product: transposase | Protein ID: AID81851.1,,,,,,,,,,,,,,,,,,,
,,,,,,,,,,,,,,,,,,,,,,,,
Group 43,,,,,,,,,,,,,,,,,,,,,,,,
5350809,5352707,1898,AID81800.1(+) | Product: hypothetical protein | Protein ID: AID81800.1,ECOLIN_25980[pseudo](+) | Note: disrupted,,,,,,,,,,,,,,,,,,,,
5351850,5353950,2100,AID81801.1(+) | Product: transposase | Protein ID: AID81801.1,,,,,,,,,,,,,,,,,,,,,
5381392,5383613,2221,AID81820.1(+) | Product: transposase | Protein ID: AID81820.1,,,,,,,,,,,,,,,,,,,,,
,,,,,,,,,,,,,,,,,,,,,,,,
Group 44,,,,,,,,,,,,,,,,,,,,,,,,
166899,168851,1952,AID77208.1(-) | Product: transcriptional regulator | Protein ID: AID77208.1,dksA(-) | Product: RNA polymerase-binding transcription factor | Protein ID: AID77207.1,,,,,,,,,,,,,,,,,,,,
168350,170302,1952,AID77209.1(-) | Product: hypothetical protein | Protein ID: AID77209.1,dksA(-) | Product: RNA polymerase-binding transcription factor | Protein ID: AID77210.1,,,,,,,,,,,,,,,,,,,,
,,,,,,,,,,,,,,,,,,,,,,,,
Group 45,,,,,,,,,,,,,,,,,,,,,,,,
4461296,4463491,2195,,,,,,,,,,,,,,,,,,,,,,
4644679,4646637,1958,,,,,,,,,,,,,,,,,,,,,,
,,,,,,,,,,,,,,,,,,,,,,,,
Group 46,,,,,,,,,,,,,,,,,,,,,,,,
1348056,1350054,1998,AID78278.1(+) | Product: terminase | Protein ID: AID78278.1,AID78279.1(+) | Product: hypothetical protein | Protein ID: AID78279.1,,,,,,,,,,,,,,,,,,,,
1350220,1352218,1998,AID78280.1(+) | Product: terminase | Protein ID: AID78280.1,ECOLIN_06670[pseudo](+) | Note: disrupted,,,,,,,,,,,,,,,,,,,,
,,,,,,,,,,,,,,,,,,,,,,,,
Group 47,,,,,,,,,,,,,,,,,,,,,,,,
234908,236957,2049,,,,,,,,,,,,,,,,,,,,,,
5077081,5079130,2049,AID81572.1(+) | Product: hypothetical protein | Protein ID: AID81572.1,,,,,,,,,,,,,,,,,,,,,
,,,,,,,,,,,,,,,,,,,,,,,,
Group 48,,,,,,,,,,,,,,,,,,,,,,,,
428517,430620,2103,AID77431.1(+) | Product: hypothetical protein | Protein ID: AID77431.1,AID77432.1(+) | Product: hypothetical protein | Protein ID: AID77432.1,AID77433.1(+) | Product: hypothetical protein | Protein ID: AID77433.1,,,,,,,,,,,,,,,,,,,
,,,,,,,,,,,,,,,,,,,,,,,,
Group 49,,,,,,,,,,,,,,,,,,,,,,,,
2418694,2420797,2103,,,,,,,,,,,,,,,,,,,,,,
5214496,5216599,2103,"AID81683.1(+) | Product: multidrug transporter | Protein ID: AID81683.1 | Note: Part of a tripartite efflux system composed of MdtA, MdtB and MdtC which confers resistance against novobiocin and deoxycholate",,,,,,,,,,,,,,,,,,,,,
,,,,,,,,,,,,,,,,,,,,,,,,
Group 50,,,,,,,,,,,,,,,,,,,,,,,,
4211763,4213961,2198,AID80804.1(-) | Product: integrase | Protein ID: AID80804.1,ECOLIN_20225[pseudo](+) | Note: disrupted,,,,,,,,,,,,,,,,,,,,
5280406,5282604,2198,AID81746.1(-) | Product: integrase | Protein ID: AID81746.1,,,,,,,,,,,,,,,,,,,,,
,,,,,,,,,,,,,,,,,,,,,,,,
Group 51,,,,,,,,,,,,,,,,,,,,,,,,
5360301,5362499,2198,ECOLIN_26015(-) | Product: tRNA-Ala,ECOLIN_26020(-) | Product: tRNA-Ile,,,,,,,,,,,,,,,,,,,,
,,,,,,,,,,,,,,,,,,,,,,,,
Group 52,,,,,,,,,,,,,,,,,,,,,,,,
853211,855433,2222,AID77817.1(-) | Product: membrane protein | Protein ID: AID77817.1,,,,,,,,,,,,,,,,,,,,,
5269587,5271809,2222,AID81735.1(-) | Product: hypothetical protein | Protein ID: AID81735.1,AID81736.1(-) | Product: membrane protein | Protein ID: AID81736.1,AID81737.1(-) | Product: hypothetical protein | Protein ID: AID81737.1,,,,,,,,,,,,,,,,,,,
,,,,,,,,,,,,,,,,,,,,,,,,
Group 53,,,,,,,,,,,,,,,,,,,,,,,,
3040368,3042600,2232,AID79743.1(-) | Product: transcriptional regulator | Protein ID: AID79743.1 | Note: Required for the expression of anaerobic nitric oxide (NO) reductase; acts as a transcriptional activator for the norVW operon,,,,,,,,,,,,,,,,,,,,,
5244563,5246795,2232,AID81712.1(-) | Product: transcriptional regulator | Protein ID: AID81712.1 | Note: Required for the expression of anaerobic nitric oxide (NO) reductase; acts as a transcriptional activator for the norVW operon,,,,,,,,,,,,,,,,,,,,,
,,,,,,,,,,,,,,,,,,,,,,,,
Group 54,,,,,,,,,,,,,,,,,,,,,,,,
5407225,5409460,2235,AID81845.1(+) | Product: restriction endonuclease | Protein ID: AID81845.1,,,,,,,,,,,,,,,,,,,,,
5408961,5411196,2235,AID81846.1(+) | Product: restriction endonuclease | Protein ID: AID81846.1,,,,,,,,,,,,,,,,,,,,,
,,,,,,,,,,,,,,,,,,,,,,,,
Group 55,,,,,,,,,,,,,,,,,,,,,,,,
5194626,5196876,2250,AID81663.1(+) | Product: hypothetical protein | Protein ID: AID81663.1,,,,,,,,,,,,,,,,,,,,,
5200140,5202390,2250,AID81670.1(+) | Product: replicase | Protein ID: AID81670.1,AID81671.1(+) | Product: hypothetical protein | Protein ID: AID81671.1,,,,,,,,,,,,,,,,,,,,
,,,,,,,,,,,,,,,,,,,,,,,,
Group 56,,,,,,,,,,,,,,,,,,,,,,,,
3040883,3043166,2283,AID79743.1(-) | Product: transcriptional regulator | Protein ID: AID79743.1 | Note: Required for the expression of anaerobic nitric oxide (NO) reductase; acts as a transcriptional activator for the norVW operon,,,,,,,,,,,,,,,,,,,,,
,,,,,,,,,,,,,,,,,,,,,,,,
Group 57,,,,,,,,,,,,,,,,,,,,,,,,
4340641,4343091,2450,ECOLIN_20880(+) | Product: tRNA-Glu,,,,,,,,,,,,,,,,,,,,,
5093412,5095742,2330,ECOLIN_24580[pseudo](+) | Note: disrupted,ECOLIN_24585(+) | Product: tRNA-Glu,ECOLIN_24590(+) | Product: tRNA-Ile,,,,,,,,,,,,,,,,,,,
,,,,,,,,,,,,,,,,,,,,,,,,
Group 58,,,,,,,,,,,,,,,,,,,,,,,,
4502681,4505073,2392,AID81055.1(+) | Product: hypothetical protein | Protein ID: AID81055.1,AID81056.1(+) | Product: transposase | Protein ID: AID81056.1,,,,,,,,,,,,,,,,,,,,
,,,,,,,,,,,,,,,,,,,,,,,,
Group 59,,,,,,,,,,,,,,,,,,,,,,,,
455770,458170,2400,AID77453.1(-) | Product: membrane protein | Protein ID: AID77453.1,AID77454.1(-) | Product: acetyltransferase | Protein ID: AID77454.1,AID77455.1(-) | Product: membrane protein | Protein ID: AID77455.1,,,,,,,,,,,,,,,,,,,
5108719,5111119,2400,AID81593.1(-) | Product: membrane protein | Protein ID: AID81593.1,AID81594.1(-) | Product: acetyltransferase | Protein ID: AID81594.1,,,,,,,,,,,,,,,,,,,,
,,,,,,,,,,,,,,,,,,,,,,,,
Group 60,,,,,,,,,,,,,,,,,,,,,,,,
4547361,4549779,2418,"AID81102.1(-) | Product: primosome assembly protein PriA | Protein ID: AID81102.1 | Note: binding of PriA to forked DNA starts the assembly of the primosome, also possesses 3'-5' helicase activity",,,,,,,,,,,,,,,,,,,,,
5429846,5432264,2418,ECOLIN_26400[pseudo](-) | Note: disrupted,,,,,,,,,,,,,,,,,,,,,
,,,,,,,,,,,,,,,,,,,,,,,,
Group 61,,,,,,,,,,,,,,,,,,,,,,,,
3388013,3390471,2458,AID80042.1(+) | Product: transposase | Protein ID: AID80042.1,AID80043.1(+) | Product: transposase | Protein ID: AID80043.1,,,,,,,,,,,,,,,,,,,,
5137106,5139564,2458,AID81617.1(+) | Product: transposase | Protein ID: AID81617.1,,,,,,,,,,,,,,,,,,,,,
,,,,,,,,,,,,,,,,,,,,,,,,
Group 62,,,,,,,,,,,,,,,,,,,,,,,,
2965770,2968229,2459,ECOLIN_14160(-) | Product: 16S ribosomal RNA,,,,,,,,,,,,,,,,,,,,,
,,,,,,,,,,,,,,,,,,,,,,,,
Group 63,,,,,,,,,,,,,,,,,,,,,,,,
5248065,5250601,2536,AID81713.1(+) | Product: hypothetical protein | Protein ID: AID81713.1,AID81714.1(+) | Product: hypothetical protein | Protein ID: AID81714.1,,,,,,,,,,,,,,,,,,,,
,,,,,,,,,,,,,,,,,,,,,,,,
Group 64,,,,,,,,,,,,,,,,,,,,,,,,
4453204,4455906,2702,AID81017.1(+) | Product: proline dipeptidase | Protein ID: AID81017.1 | Note: catalyzes the hydrolysis of dipeptides with a proline at the C-terminal; also catalyzes the low efficiency hydrolysis of organophosphate di- and tri-esters,,,,,,,,,,,,,,,,,,,,,
4455907,4458525,2618,,,,,,,,,,,,,,,,,,,,,,
,,,,,,,,,,,,,,,,,,,,,,,,
Group 65,,,,,,,,,,,,,,,,,,,,,,,,
3982468,3985096,2628,AID80607.1(-) | Product: MFS transporter | Protein ID: AID80607.1,AID80608.1(+) | Product: permease | Protein ID: AID80608.1,,,,,,,,,,,,,,,,,,,,
5374140,5376768,2628,AID81816.1(+) | Product: permease | Protein ID: AID81816.1,,,,,,,,,,,,,,,,,,,,,
,,,,,,,,,,,,,,,,,,,,,,,,
Group 66,,,,,,,,,,,,,,,,,,,,,,,,
4606038,4608796,2758,ECOLIN_22170(+) | Product: 16S ribosomal RNA,,,,,,,,,,,,,,,,,,,,,
5079348,5082243,2895,AID81573.1(-) | Product: Rha family transcriptional regulator | Protein ID: AID81573.1,ECOLIN_24480(+) | Product: 16S ribosomal RNA,ECOLIN_24485(+) | Product: tRNA-Glu,ECOLIN_24490(+) | Product: tRNA-Ala,,,,,,,,,,,,,,,,,,
,,,,,,,,,,,,,,,,,,,,,,,,
Group 67,,,,,,,,,,,,,,,,,,,,,,,,
5094769,5097538,2769,ECOLIN_24590(+) | Product: tRNA-Ile,ECOLIN_24595(+) | Product: tRNA-Ala,ECOLIN_24600(+) | Product: tRNA-Glu,,,,,,,,,,,,,,,,,,,
,,,,,,,,,,,,,,,,,,,,,,,,
Group 68,,,,,,,,,,,,,,,,,,,,,,,,
4852939,4855732,2793,"AID81372.1(-) | Product: fumarate reductase | Protein ID: AID81372.1 | Note: part of four member fumarate reductase enzyme complex FrdABCD which catalyzes the reduction of fumarate to succinate during anaerobic respiration; FrdAB are the catalytic subcomplex consisting of a flavoprotein subunit and an iron-sulfur subunit, respectively; FrdCD are the membrane components which interact with quinone and are involved in electron transfer; the catalytic subunits are similar to succinate dehydrogenase SdhAB","AID81373.1(-) | Product: fumarate reductase | Protein ID: AID81373.1 | Note: part of four member fumarate reductase enzyme complex FrdABCD which catalyzes the reduction of fumarate to succinate during anaerobic respiration; FrdAB are the catalytic subcomplex consisting of a flavoprotein subunit and an iron-sulfur subunit, respectively; FrdCD are the membrane components which interact with quinone and are involved in electron transfer; the catalytic subunits are similar to succinate dehydrogenase SdhAB",,,,,,,,,,,,,,,,,,,,
5267664,5270466,2802,"AID81733.1(-) | Product: fumarate reductase | Protein ID: AID81733.1 | Note: part of four member fumarate reductase enzyme complex FrdABCD which catalyzes the reduction of fumarate to succinate during anaerobic respiration; FrdAB are the catalytic subcomplex consisting of a flavoprotein subunit and an iron-sulfur subunit, respectively; FrdCD are the membrane components which interact with quinone and are involved in electron transfer; the catalytic subunits are similar to succinate dehydrogenase SdhAB","AID81734.1(-) | Product: fumarate reductase | Protein ID: AID81734.1 | Note: part of four member fumarate reductase enzyme complex FrdABCD which catalyzes the reduction of fumarate to succinate during anaerobic respiration; FrdAB are the catalytic subcomplex consisting of a flavoprotein subunit and an iron-sulfur subunit, respectively; FrdCD are the membrane components which interact with quinone and are involved in electron transfer; the catalytic subunits are similar to succinate dehydrogenase SdhAB",AID81735.1(-) | Product: hypothetical protein | Protein ID: AID81735.1,,,,,,,,,,,,,,,,,,,
,,,,,,,,,,,,,,,,,,,,,,,,
Group 69,,,,,,,,,,,,,,,,,,,,,,,,
1573757,1576566,2809,AID78493.1(-) | Product: tRNA 2-thiocytidine biosynthesis protein TtcA | Protein ID: AID78493.1 | Note: TtcA; YdaO; catalyzes the thiolation of cytosine 32 in specific tRNAs; forms 2-thiocytidine (s(2)C),AID78494.1(-) | Product: integrase | Protein ID: AID78494.1,,,,,,,,,,,,,,,,,,,,
5318770,5321579,2809,"AID81783.1(+) | Product: ATP-dependent RNA helicase DbpA | Protein ID: AID81783.1 | Note: exhibits an RNA-dependent ATPase activity, specifically stimulated by bacterial 23S rRNA",ECOLIN_25810[pseudo](-) | Note: disrupted,,,,,,,,,,,,,,,,,,,,
,,,,,,,,,,,,,,,,,,,,,,,,
Group 70,,,,,,,,,,,,,,,,,,,,,,,,
1277815,1280707,2892,AID78195.1(-) | Product: ferric-rhodotorulic acid transporter | Protein ID: AID78195.1,,,,,,,,,,,,,,,,,,,,,
5229952,5232863,2911,AID81694.1(+) | Product: PTS glucose-specific subunit IIBC | Protein ID: AID81694.1 | Note: phosphoenolpyruvate-dependent sugar phosphotransferase system; catalyzes the phosphorylation of incoming sugar substrates concomitant with their translocation across the cell membrane; IIB is phosphorylated by IIA and then transfers the phosphoryl group to the sugar; IIC forms the translocation channel,AID81695.1(-) | Product: ferric-rhodotorulic acid transporter | Protein ID: AID81695.1,,,,,,,,,,,,,,,,,,,,
,,,,,,,,,,,,,,,,,,,,,,,,
Group 71,,,,,,,,,,,,,,,,,,,,,,,,
3786969,3789867,2898,ECOLIN_18190(-) | Product: tRNA-Glu,,,,,,,,,,,,,,,,,,,,,
5091101,5093999,2898,AID81586.1(-) | Product: hypothetical protein | Protein ID: AID81586.1,ECOLIN_24570(-) | Product: tRNA-Glu,ECOLIN_24580[pseudo](+) | Note: disrupted,,,,,,,,,,,,,,,,,,,
,,,,,,,,,,,,,,,,,,,,,,,,
Group 72,,,,,,,,,,,,,,,,,,,,,,,,
2960439,2963411,2972,ECOLIN_14145(-) | Product: 5S ribosomal RNA,,,,,,,,,,,,,,,,,,,,,
5125333,5128924,3591,ECOLIN_24740(-) | Product: 5S ribosomal RNA,,,,,,,,,,,,,,,,,,,,,
,,,,,,,,,,,,,,,,,,,,,,,,
Group 73,,,,,,,,,,,,,,,,,,,,,,,,
1213880,1216879,2999,AID78130.1(+) | Product: hypothetical protein | Protein ID: AID78130.1,ECOLIN_05830[pseudo](+) | Note: disrupted,ECOLIN_05835(-) | Product: tRNA-Ser,"ghrA(+) | Product: bifunctional glyoxylate/hydroxypyruvate reductase A | Protein ID: AID78129.1 | Note: catalyzes the formation of glycolate and glycerate from glyoxylate and hydroxypyruvate, respectively",,,,,,,,,,,,,,,,,,
1216170,1219168,2998,AID78130.1(+) | Product: hypothetical protein | Protein ID: AID78130.1,AID78131.1(+) | Product: hypothetical protein | Protein ID: AID78131.1,ECOLIN_05860(-) | Product: tRNA-Ser,"ghrA(+) | Product: bifunctional glyoxylate/hydroxypyruvate reductase A | Protein ID: AID78132.1 | Note: catalyzes the formation of glycolate and glycerate from glyoxylate and hydroxypyruvate, respectively",,,,,,,,,,,,,,,,,,
,,,,,,,,,,,,,,,,,,,,,,,,
Group 74,,,,,,,,,,,,,,,,,,,,,,,,
232291,235346,3055,ECOLIN_01070(+) | Product: 16S ribosomal RNA,ECOLIN_01075(+) | Product: tRNA-Glu,ECOLIN_01080(+) | Product: tRNA-Ala,,,,,,,,,,,,,,,,,,,
4339044,4342042,2998,ECOLIN_20875(+) | Product: 16S ribosomal RNA,ECOLIN_20880(+) | Product: tRNA-Glu,,,,,,,,,,,,,,,,,,,,
,,,,,,,,,,,,,,,,,,,,,,,,
Group 75,,,,,,,,,,,,,,,,,,,,,,,,
1201631,1204743,3112,AID78111.1(+) | Product: hypothetical protein | Protein ID: AID78111.1,ECOLIN_05730[pseudo](+) | Note: disrupted,,,,,,,,,,,,,,,,,,,,
1205090,1208290,3200,AID78113.1(+) | Product: protein 32 protein of plasmid | Protein ID: AID78113.1,AID78114.1(+) | Product: hypothetical protein | Protein ID: AID78114.1,AID78115.1(+) | Product: hypothetical protein | Protein ID: AID78115.1,AID78116.1(+) | Product: hypothetical protein | Protein ID: AID78116.1,ECOLIN_05740[pseudo](+) | Note: disrupted,,,,,,,,,,,,,,,,,
,,,,,,,,,,,,,,,,,,,,,,,,
Group 76,,,,,,,,,,,,,,,,,,,,,,,,
5120201,5123363,3162,AID81603.1(-) | Product: isocitrate lyase | Protein ID: AID81603.1,,,,,,,,,,,,,,,,,,,,,
5378022,5381184,3162,AID81817.1(-) | Product: isocitrate lyase | Protein ID: AID81817.1,AID81818.1(-) | Product: malate synthase | Protein ID: AID81818.1 | Note: Catalyzes the aldol condensation of glyoxylate with acetyl-CoA to form malate as part of the second step of the glyoxylate bypass and an alternative to the tricarboxylic acid cycle,,,,,,,,,,,,,,,,,,,,
,,,,,,,,,,,,,,,,,,,,,,,,
Group 77,,,,,,,,,,,,,,,,,,,,,,,,
3915127,3918745,3618,"AID80549.1(-) | Product: transcriptional regulator | Protein ID: AID80549.1 | Note: represses the glpD, glpFK, glpTQ, and glpACB operons involved in glycerol-3-phosphate metabolism",AID80550.1(-) | Product: intramembrane serine protease GlpG | Protein ID: AID80550.1 | Note: protease responsible for the cleavage between Ser and Asp residues of proteins in regions of high local hydrophilicity,glpE(-) | Product: thiosulfate sulfurtransferase | Protein ID: AID80551.1 | Note: belongs to rhodanese family; thiosulfate thiotransferase; in Escherichia coli this enzyme catalyzes the formation of thiocyanate from thiosulfate and cyanide with low efficiency; contains an active site cysteine,,,,,,,,,,,,,,,,,,,
5225635,5229242,3607,AID81689.1(+) | Product: hypothetical protein | Protein ID: AID81689.1,AID81690.1(-) | Product: intramembrane serine protease GlpG | Protein ID: AID81690.1 | Note: protease responsible for the cleavage between Ser and Asp residues of proteins in regions of high local hydrophilicity,AID81692.1(+) | Product: hypothetical protein | Protein ID: AID81692.1,ECOLIN_25255[pseudo](-) | Note: disrupted,glpE(-) | Product: thiosulfate sulfurtransferase | Protein ID: AID81691.1 | Note: belongs to rhodanese family; thiosulfate thiotransferase; in Escherichia coli this enzyme catalyzes the formation of thiocyanate from thiosulfate and cyanide with low efficiency; contains an active site cysteine,,,,,,,,,,,,,,,,,
,,,,,,,,,,,,,,,,,,,,,,,,
Group 78,,,,,,,,,,,,,,,,,,,,,,,,
3408831,3412446,3615,AID80065.1(+) | Product: hypothetical protein | Protein ID: AID80065.1,AID80066.1(+) | Product: hypothetical protein | Protein ID: AID80066.1,AID80067.1(+) | Product: hypothetical protein | Protein ID: AID80067.1,AID80068.1(+) | Product: hypothetical protein | Protein ID: AID80068.1,ECOLIN_16310[pseudo](+) | Note: disrupted,,,,,,,,,,,,,,,,,
3411732,3415347,3615,AID80069.1(+) | Product: hypothetical protein | Protein ID: AID80069.1,AID80070.1(+) | Product: hypothetical protein | Protein ID: AID80070.1,AID80071.1(+) | Product: hypothetical protein | Protein ID: AID80071.1,AID80072.1(+) | Product: hypothetical protein | Protein ID: AID80072.1,AID81880.1(+) | Product: hypothetical protein | Protein ID: AID81880.1,,,,,,,,,,,,,,,,,
,,,,,,,,,,,,,,,,,,,,,,,,
Group 79,,,,,,,,,,,,,,,,,,,,,,,,
4214686,4218320,3634,AID80806.1(+) | Product: hypothetical protein | Protein ID: AID80806.1,AID80807.1(+) | Product: antitoxin of toxin-antitoxin stability system | Protein ID: AID80807.1,AID80808.1(+) | Product: hypothetical protein | Protein ID: AID80808.1,ECOLIN_20250[pseudo](+) | Note: disrupted,,,,,,,,,,,,,,,,,,
4234723,4238357,3634,AID80826.1(+) | Product: hypothetical protein | Protein ID: AID80826.1,AID80827.1(+) | Product: antitoxin of toxin-antitoxin stability system | Protein ID: AID80827.1,ECOLIN_20375[pseudo](+) | Note: disrupted,,,,,,,,,,,,,,,,,,,
,,,,,,,,,,,,,,,,,,,,,,,,
Group 80,,,,,,,,,,,,,,,,,,,,,,,,
3042535,3046333,3798,AID79744.1(-) | Product: transcriptional regulator | Protein ID: AID79744.1 | Note: Required for the expression of anaerobic nitric oxide (NO) reductase; acts as a transcriptional activator for the norVW operon,AID79745.1(+) | Product: nitric oxide reductase | Protein ID: AID79745.1 | Note: detoxifies nitric oxide using NADH,,,,,,,,,,,,,,,,,,,,
,,,,,,,,,,,,,,,,,,,,,,,,
Group 81,,,,,,,,,,,,,,,,,,,,,,,,
4462813,4466711,3898,ECOLIN_21485(+) | Product: tRNA-Ile,ECOLIN_21490(+) | Product: tRNA-Ala,,,,,,,,,,,,,,,,,,,,
,,,,,,,,,,,,,,,,,,,,,,,,
Group 82,,,,,,,,,,,,,,,,,,,,,,,,
1663179,1667086,3907,AID78558.1(-) | Product: nitrate/nitrite transporter NarK | Protein ID: AID78558.1 | Note: involved in the transport of nitrate and nitrite,,,,,,,,,,,,,,,,,,,,,
5222050,5225957,3907,AID81688.1(-) | Product: nitrate/nitrite transporter NarK | Protein ID: AID81688.1 | Note: involved in the transport of nitrate and nitrite,narZ[pseudo](-) | Note: disrupted,,,,,,,,,,,,,,,,,,,,
,,,,,,,,,,,,,,,,,,,,,,,,
Group 83,,,,,,,,,,,,,,,,,,,,,,,,
5282286,5286194,3908,AID81747.1(+) | Product: membrane protein | Protein ID: AID81747.1,AID81748.1(+) | Product: hypothetical protein | Protein ID: AID81748.1,AID81749.1(-) | Product: hypothetical protein | Protein ID: AID81749.1,AID81750.1(+) | Product: hypothetical protein | Protein ID: AID81750.1,ECOLIN_25580[pseudo](+) | Note: disrupted,,,,,,,,,,,,,,,,,
,,,,,,,,,,,,,,,,,,,,,,,,
Group 84,,,,,,,,,,,,,,,,,,,,,,,,
4619098,4623081,3983,,,,,,,,,,,,,,,,,,,,,,
5313405,5317406,4001,"AID81782.1(-) | Product: xylulose 5-phosphate 3-epimerase | Protein ID: AID81782.1 | Note: L-xylulose 5-phosphate 3-epimerase activity not yet demonstrated; may be involved in the utilization of 2,3-diketo-L-gulonate",,,,,,,,,,,,,,,,,,,,,
,,,,,,,,,,,,,,,,,,,,,,,,
Group 85,,,,,,,,,,,,,,,,,,,,,,,,
169427,173423,3996,AID77211.1(-) | Product: transcriptional regulator | Protein ID: AID77211.1,AID77212.1(-) | Product: 2'-5' RNA ligase | Protein ID: AID77212.1 | Note: catalyzes the ligation and cleavage of of 2'-5' linkages in RNA,AID77213.1(+) | Product: ATP-dependent helicase HrpB | Protein ID: AID77213.1 | Note: similar in sequence to the ATP-dependent RNA helicase HrpA,,,,,,,,,,,,,,,,,,,
5209604,5213588,3984,AID81680.1(-) | Product: 2'-5' RNA ligase | Protein ID: AID81680.1 | Note: catalyzes the ligation and cleavage of of 2'-5' linkages in RNA,AID81681.1(+) | Product: ATP-dependent helicase HrpB | Protein ID: AID81681.1 | Note: similar in sequence to the ATP-dependent RNA helicase HrpA,,,,,,,,,,,,,,,,,,,,
,,,,,,,,,,,,,,,,,,,,,,,,
Group 86,,,,,,,,,,,,,,,,,,,,,,,,
5245078,5249095,4017,AID81712.1(-) | Product: transcriptional regulator | Protein ID: AID81712.1 | Note: Required for the expression of anaerobic nitric oxide (NO) reductase; acts as a transcriptional activator for the norVW operon,ECOLIN_25375[pseudo](+) | Note: disrupted,,,,,,,,,,,,,,,,,,,,
,,,,,,,,,,,,,,,,,,,,,,,,
Group 87,,,,,,,,,,,,,,,,,,,,,,,,
2962342,2966521,4179,ECOLIN_14155(-) | Product: tRNA-Glu,,,,,,,,,,,,,,,,,,,,,
5341066,5345347,4281,ECOLIN_25930(-) | Product: 23S ribosomal RNA,ECOLIN_25935(-) | Product: tRNA-Ala,ECOLIN_25940(-) | Product: tRNA-Ile,,,,,,,,,,,,,,,,,,,
5342858,5347144,4286,ECOLIN_25935(-) | Product: tRNA-Ala,ECOLIN_25940(-) | Product: tRNA-Ile,ECOLIN_25945(-) | Product: 16S ribosomal RNA,,,,,,,,,,,,,,,,,,,
5345726,5350012,4286,ECOLIN_25950(-) | Product: tRNA-Ala,ECOLIN_25955(-) | Product: tRNA-Ile,ECOLIN_25960(-) | Product: 16S ribosomal RNA,,,,,,,,,,,,,,,,,,,
,,,,,,,,,,,,,,,,,,,,,,,,
Group 88,,,,,,,,,,,,,,,,,,,,,,,,
499713,504748,5035,queA(+) | Product: S-adenosylmethionine:tRNA ribosyltransferase-isomerase | Protein ID: AID77495.1 | Note: Synthesizes oQ from preQ1 in a single S-adenosylmethionine-requiring step,"secD(+) | Product: preprotein translocase subunit SecD | Protein ID: AID77498.1 | Note: part of the preprotein secretory system; when complexed with proteins SecF and YajC, SecDFyajC stimulates the proton motive force-driven protein translocation, and appears to be required for the release of mature proteins from the extracytoplasmic side of the membrane","tgt(+) | Product: queuine tRNA-ribosyltransferase | Protein ID: AID77496.1 | Note: Exchanges the guanine residue with 7-aminomethyl-7-deazaguanine in tRNAs with GU(N) anticodons (tRNA-Asp, -Asn, -His and -Tyr)",yajC(+) | Product: preprotein translocase subunit YajC | Protein ID: AID77497.1 | Note: member of preprotein translocase; forms a heterotrimer with SecD and SecF; links the SecD/SecF/YajC/YidC complex with the SecY/SecE/SecG complex,,,,,,,,,,,,,,,,,,
502815,507452,4637,"secD(+) | Product: preprotein translocase subunit SecD | Protein ID: AID77500.1 | Note: part of the preprotein secretory system; when complexed with proteins SecF and YajC, SecDFyajC stimulates the proton motive force-driven protein translocation, and appears to be required for the release of mature proteins from the extracytoplasmic side of the membrane",yajC(+) | Product: preprotein translocase subunit YajC | Protein ID: AID77499.1 | Note: member of preprotein translocase; forms a heterotrimer with SecD and SecF; links the SecD/SecF/YajC/YidC complex with the SecY/SecE/SecG complex,yajC(+) | Product: preprotein translocase subunit YajC | Protein ID: AID77501.1 | Note: member of preprotein translocase; forms a heterotrimer with SecD and SecF; links the SecD/SecF/YajC/YidC complex with the SecY/SecE/SecG complex,,,,,,,,,,,,,,,,,,,
505080,509717,4637,"secD(+) | Product: preprotein translocase subunit SecD | Protein ID: AID77502.1 | Note: part of the preprotein secretory system; when complexed with proteins SecF and YajC, SecDFyajC stimulates the proton motive force-driven protein translocation, and appears to be required for the release of mature proteins from the extracytoplasmic side of the membrane",yajC(+) | Product: preprotein translocase subunit YajC | Protein ID: AID77501.1 | Note: member of preprotein translocase; forms a heterotrimer with SecD and SecF; links the SecD/SecF/YajC/YidC complex with the SecY/SecE/SecG complex,,,,,,,,,,,,,,,,,,,,
5260031,5264366,4335,AID81726.1(+) | Product: hypothetical protein | Protein ID: AID81726.1,"secD(+) | Product: preprotein translocase subunit SecD | Protein ID: AID81729.1 | Note: part of the preprotein secretory system; when complexed with proteins SecF and YajC, SecDFyajC stimulates the proton motive force-driven protein translocation, and appears to be required for the release of mature proteins from the extracytoplasmic side of the membrane","tgt(+) | Product: queuine tRNA-ribosyltransferase | Protein ID: AID81727.1 | Note: Exchanges the guanine residue with 7-aminomethyl-7-deazaguanine in tRNAs with GU(N) anticodons (tRNA-Asp, -Asn, -His and -Tyr)",yajC(+) | Product: preprotein translocase subunit YajC | Protein ID: AID81728.1 | Note: member of preprotein translocase; forms a heterotrimer with SecD and SecF; links the SecD/SecF/YajC/YidC complex with the SecY/SecE/SecG complex,,,,,,,,,,,,,,,,,,
,,,,,,,,,,,,,,,,,,,,,,,,
Group 89,,,,,,,,,,,,,,,,,,,,,,,,
5289888,5294245,4357,AID81755.1(+) | Product: hypothetical protein | Protein ID: AID81755.1,AID81756.1(+) | Product: Rha family transcriptional regulator | Protein ID: AID81756.1,AID81757.1(+) | Product: hypothetical protein | Protein ID: AID81757.1,AID81758.1(-) | Product: hypothetical protein | Protein ID: AID81758.1,,,,,,,,,,,,,,,,,,
5370248,5374605,4357,AID81811.1(+) | Product: hypothetical protein | Protein ID: AID81811.1,AID81812.1(+) | Product: Rha family transcriptional regulator | Protein ID: AID81812.1,AID81813.1(+) | Product: hypothetical protein | Protein ID: AID81813.1,AID81814.1(-) | Product: hypothetical protein | Protein ID: AID81814.1,,,,,,,,,,,,,,,,,,
,,,,,,,,,,,,,,,,,,,,,,,,
Group 90,,,,,,,,,,,,,,,,,,,,,,,,
5141351,5146060,4709,AID81620.1(-) | Product: kfiB protein | Protein ID: AID81620.1,ECOLIN_24825[pseudo](+) | Note: disrupted,,,,,,,,,,,,,,,,,,,,
5331594,5336385,4791,ECOLIN_25905[pseudo](+) | Note: disrupted,ECOLIN_25910[pseudo](-) | Note: disrupted,,,,,,,,,,,,,,,,,,,,
5333928,5338285,4357,AID81796.1(-) | Product: hypothetical protein | Protein ID: AID81796.1,ECOLIN_25910[pseudo](-) | Note: disrupted,,,,,,,,,,,,,,,,,,,,
5337215,5341572,4357,AID81797.1(-) | Product: kfiB protein | Protein ID: AID81797.1,AID81798.1(-) | Product: hypothetical protein | Protein ID: AID81798.1,,,,,,,,,,,,,,,,,,,,
,,,,,,,,,,,,,,,,,,,,,,,,
Group 91,,,,,,,,,,,,,,,,,,,,,,,,
2124083,2128464,4381,AID79002.1(-) | Product: cystine transporter subunit | Protein ID: AID79002.1,"AID79003.1(-) | Product: flagella biosynthesis protein FliZ | Protein ID: AID79003.1 | Note: expression activator of the class 2 type of flagellar operons, essential to achieve maximal cell motility; activator of type 1 fimbrial gene expression; cell density-responsive regulator; FliZ in Salmonella typhimurium induces HilA, an activator of invasion genes necessary to achieve full virulence",AID79004.1(-) | Product: RNA polymerase sigma factor WhiG | Protein ID: AID79004.1,AID79005.1(-) | Product: cystine transporter subunit | Protein ID: AID79005.1,"AID79006.1(-) | Product: flagella biosynthesis protein FliZ | Protein ID: AID79006.1 | Note: expression activator of the class 2 type of flagellar operons, essential to achieve maximal cell motility; activator of type 1 fimbrial gene expression; cell density-responsive regulator; FliZ in Salmonella typhimurium induces HilA, an activator of invasion genes necessary to achieve full virulence",AID79007.1(-) | Product: RNA polymerase sigma factor WhiG | Protein ID: AID79007.1,,,,,,,,,,,,,,,,
2125777,2130152,4375,AID79004.1(-) | Product: RNA polymerase sigma factor WhiG | Protein ID: AID79004.1,AID79005.1(-) | Product: cystine transporter subunit | Protein ID: AID79005.1,"AID79006.1(-) | Product: flagella biosynthesis protein FliZ | Protein ID: AID79006.1 | Note: expression activator of the class 2 type of flagellar operons, essential to achieve maximal cell motility; activator of type 1 fimbrial gene expression; cell density-responsive regulator; FliZ in Salmonella typhimurium induces HilA, an activator of invasion genes necessary to achieve full virulence",AID79007.1(-) | Product: RNA polymerase sigma factor WhiG | Protein ID: AID79007.1,AID79008.1(-) | Product: cystine transporter subunit | Protein ID: AID79008.1,"AID79009.1(-) | Product: flagella biosynthesis protein FliZ | Protein ID: AID79009.1 | Note: expression activator of the class 2 type of flagellar operons, essential to achieve maximal cell motility; activator of type 1 fimbrial gene expression; cell density-responsive regulator; FliZ in Salmonella typhimurium induces HilA, an activator of invasion genes necessary to achieve full virulence",fliA(-) | Product: flagellar biosynthesis sigma factor | Protein ID: AID79010.1 | Note: sigma factors are initiation factors that promote the attachment of RNA polymerase to specific initiation sites and are then released; this sigma factor directs late flagellar biosynthesis genes,,,,,,,,,,,,,,,
,,,,,,,,,,,,,,,,,,,,,,,,
Group 92,,,,,,,,,,,,,,,,,,,,,,,,
2770048,2774742,4694,AID79509.1(+) | Product: hypothetical protein | Protein ID: AID79509.1,AID79510.1(+) | Product: hypothetical protein | Protein ID: AID79510.1,ECOLIN_13290(-) | Product: tRNA-Ala,ECOLIN_13295(-) | Product: tRNA-Ala,ECOLIN_13315(+) | Product: tRNA-Val,ECOLIN_13320(+) | Product: tRNA-Val,ECOLIN_13325(+) | Product: tRNA-Val,ECOLIN_13330(+) | Product: tRNA-Lys,"gltX(-) | Product: glutamyl-tRNA ligase | Protein ID: AID79511.1 | Note: catalyzes a two-step reaction, first charging an glutamate molecule by linking its carboxyl group to the alpha-phosphate of ATP, followed by transfer of the aminoacyl-adenylate to its tRNA; contains discriminating and non-discriminating subtypes",,,,,,,,,,,,,
5321099,5325793,4694,AID81784.1(-) | Product: histidine kinase | Protein ID: AID81784.1,AID81785.1(+) | Product: hypothetical protein | Protein ID: AID81785.1,AID81786.1(+) | Product: hypothetical protein | Protein ID: AID81786.1,ECOLIN_25820(-) | Product: tRNA-Ala,ECOLIN_25825(-) | Product: tRNA-Ala,ECOLIN_25830(-) | Product: tRNA-Ala,ECOLIN_25850(+) | Product: tRNA-Val,ECOLIN_25855(+) | Product: tRNA-Val,"gltX(-) | Product: glutamyl-tRNA ligase | Protein ID: AID81787.1 | Note: catalyzes a two-step reaction, first charging an glutamate molecule by linking its carboxyl group to the alpha-phosphate of ATP, followed by transfer of the aminoacyl-adenylate to its tRNA; contains discriminating and non-discriminating subtypes",,,,,,,,,,,,,
,,,,,,,,,,,,,,,,,,,,,,,,
Group 93,,,,,,,,,,,,,,,,,,,,,,,,
5152361,5157076,4715,AID81625.1(-) | Product: antitoxin | Protein ID: AID81625.1,AID81626.1(-) | Product: antitoxin of toxin-antitoxin stability system | Protein ID: AID81626.1,AID81627.1(-) | Product: hypothetical protein | Protein ID: AID81627.1,AID81628.1(-) | Product: hypothetical protein | Protein ID: AID81628.1,AID81629.1(-) | Product: hypothetical protein | Protein ID: AID81629.1,ECOLIN_24870[pseudo](-) | Note: disrupted,,,,,,,,,,,,,,,,
,,,,,,,,,,,,,,,,,,,,,,,,
Group 94,,,,,,,,,,,,,,,,,,,,,,,,
5085437,5090291,4854,AID81578.1(+) | Product: antitoxin | Protein ID: AID81578.1,AID81579.1(+) | Product: GlcNAc-PI de-N-acetylase | Protein ID: AID81579.1,AID81580.1(+) | Product: membrane protein | Protein ID: AID81580.1,AID81581.1(+) | Product: acetyltransferase | Protein ID: AID81581.1,AID81582.1(+) | Product: membrane protein | Protein ID: AID81582.1,AID81583.1(+) | Product: hypothetical protein | Protein ID: AID81583.1,AID81584.1(-) | Product: transposase | Protein ID: AID81584.1,,,,,,,,,,,,,,,
,,,,,,,,,,,,,,,,,,,,,,,,
Group 95,,,,,,,,,,,,,,,,,,,,,,,,
3625832,3630731,4899,"AID80262.1(+) | Product: regulator PrlF | Protein ID: AID80262.1 | Note: SohA; PrlF; involved in protein secretion; when overproduced or mutated, it induces growth defect and increased export of a reporter protein; a PrlF mutation induces the activity of the Lon protease, and a Lon-deficient strain suppresses the phenotype conferred by the PrlF mutation","AID80264.1(+) | Product: regulator PrlF | Protein ID: AID80264.1 | Note: SohA; PrlF; involved in protein secretion; when overproduced or mutated, it induces growth defect and increased export of a reporter protein; a PrlF mutation induces the activity of the Lon protease, and a Lon-deficient strain suppresses the phenotype conferred by the PrlF mutation",garD(+) | Product: galactarate dehydrogenase | Protein ID: AID80261.1 | Note: catalyzes the formation of 5-dehydro-4-deoxy-D-glucarate from D-galactarate,garD(+) | Product: galactarate dehydrogenase | Protein ID: AID80263.1 | Note: catalyzes the formation of 5-dehydro-4-deoxy-D-glucarate from D-galactarate,,,,,,,,,,,,,,,,,,
3627719,3632618,4899,"AID80262.1(+) | Product: regulator PrlF | Protein ID: AID80262.1 | Note: SohA; PrlF; involved in protein secretion; when overproduced or mutated, it induces growth defect and increased export of a reporter protein; a PrlF mutation induces the activity of the Lon protease, and a Lon-deficient strain suppresses the phenotype conferred by the PrlF mutation","AID80264.1(+) | Product: regulator PrlF | Protein ID: AID80264.1 | Note: SohA; PrlF; involved in protein secretion; when overproduced or mutated, it induces growth defect and increased export of a reporter protein; a PrlF mutation induces the activity of the Lon protease, and a Lon-deficient strain suppresses the phenotype conferred by the PrlF mutation","AID80266.1(+) | Product: regulator PrlF | Protein ID: AID80266.1 | Note: SohA; PrlF; involved in protein secretion; when overproduced or mutated, it induces growth defect and increased export of a reporter protein; a PrlF mutation induces the activity of the Lon protease, and a Lon-deficient strain suppresses the phenotype conferred by the PrlF mutation",garD(+) | Product: galactarate dehydrogenase | Protein ID: AID80263.1 | Note: catalyzes the formation of 5-dehydro-4-deoxy-D-glucarate from D-galactarate,garD(+) | Product: galactarate dehydrogenase | Protein ID: AID80265.1 | Note: catalyzes the formation of 5-dehydro-4-deoxy-D-glucarate from D-galactarate,,,,,,,,,,,,,,,,,
,,,,,,,,,,,,,,,,,,,,,,,,
Group 96,,,,,,,,,,,,,,,,,,,,,,,,
3928152,3933051,4899,AID80562.1(-) | Product: Auf fimbriae major fimbrial subunit AufA | Protein ID: AID80562.1,AID80563.1(-) | Product: maltodextrin phosphorylase | Protein ID: AID80563.1,ECOLIN_18970[pseudo](-) | Note: disrupted,,,,,,,,,,,,,,,,,,,
3930199,3935098,4899,ECOLIN_18970[pseudo](-) | Note: disrupted,,,,,,,,,,,,,,,,,,,,,
,,,,,,,,,,,,,,,,,,,,,,,,
Group 97,,,,,,,,,,,,,,,,,,,,,,,,
3044363,3049415,5052,AID79746.1(+) | Product: NADH:flavorubredoxin oxidoreductase | Protein ID: AID79746.1,AID79747.1(-) | Product: hypothetical protein | Protein ID: AID79747.1,AID79748.1(+) | Product: hypothetical protein | Protein ID: AID79748.1,AID79749.1(+) | Product: NADH:flavorubredoxin oxidoreductase | Protein ID: AID79749.1,,,,,,,,,,,,,,,,,,
,,,,,,,,,,,,,,,,,,,,,,,,
Group 98,,,,,,,,,,,,,,,,,,,,,,,,
319530,324761,5231,AID77356.1(+) | Product: hypothetical protein | Protein ID: AID77356.1,ECOLIN_01615[pseudo](+) | Note: disrupted,,,,,,,,,,,,,,,,,,,,
1133452,1138683,5231,AID78055.1(+) | Product: hypothetical protein | Protein ID: AID78055.1,ECOLIN_05385[pseudo](+) | Note: disrupted,ECOLIN_05395[pseudo](+) | Note: disrupted,,,,,,,,,,,,,,,,,,,
,,,,,,,,,,,,,,,,,,,,,,,,
Group 99,,,,,,,,,,,,,,,,,,,,,,,,
2479211,2484597,5386,AID79270.1(-) | Product: osmoprotectant uptake system permease | Protein ID: AID79270.1,AID79271.1(-) | Product: ATP-binding protein | Protein ID: AID79271.1,AID79272.1(-) | Product: osmoprotectant uptake system permease | Protein ID: AID79272.1,AID79273.1(-) | Product: osmoprotectant uptake system substrate-binding protein | Protein ID: AID79273.1,,,,,,,,,,,,,,,,,,
5132876,5138236,5360,AID81612.1(-) | Product: osmoprotectant uptake system permease | Protein ID: AID81612.1,AID81613.1(-) | Product: ATP-binding protein | Protein ID: AID81613.1,AID81614.1(-) | Product: osmoprotectant uptake system permease | Protein ID: AID81614.1,AID81615.1(-) | Product: osmoprotectant uptake system substrate-binding protein | Protein ID: AID81615.1,AID81616.1(-) | Product: hypothetical protein | Protein ID: AID81616.1,,,,,,,,,,,,,,,,,
,,,,,,,,,,,,,,,,,,,,,,,,
Group 100,,,,,,,,,,,,,,,,,,,,,,,,
4989321,4994953,5632,AID81494.1(+) | Product: mannonate dehydratase | Protein ID: AID81494.1 | Note: catalyzes the formation of 2-dehydro-3-deoxy-D-gluconate from mannonate,AID81495.1(+) | Product: D-mannonate oxidoreductase | Protein ID: AID81495.1,AID81496.1(-) | Product: hypothetical protein | Protein ID: AID81496.1,AID81497.1(+) | Product: transcriptional regulator | Protein ID: AID81497.1 | Note: regulates the expression of uxuBA,ECOLIN_24030[pseudo](-) | Note: disrupted,,,,,,,,,,,,,,,,,
4993672,4999304,5632,AID81496.1(-) | Product: hypothetical protein | Protein ID: AID81496.1,AID81497.1(+) | Product: transcriptional regulator | Protein ID: AID81497.1 | Note: regulates the expression of uxuBA,AID81498.1(-) | Product: hypothetical protein | Protein ID: AID81498.1,AID81499.1(+) | Product: mannonate dehydratase | Protein ID: AID81499.1 | Note: catalyzes the formation of 2-dehydro-3-deoxy-D-gluconate from mannonate,AID81500.1(+) | Product: D-mannonate oxidoreductase | Protein ID: AID81500.1,AID81501.1(-) | Product: hypothetical protein | Protein ID: AID81501.1,ECOLIN_24075[pseudo](+) | Note: disrupted,,,,,,,,,,,,,,,
,,,,,,,,,,,,,,,,,,,,,,,,
Group 101,,,,,,,,,,,,,,,,,,,,,,,,
1339318,1344966,5648,AID78265.1(-) | Product: porin | Protein ID: AID78265.1,AID78266.1(+) | Product: holin | Protein ID: AID78266.1,AID78267.1(+) | Product: lysozyme | Protein ID: AID78267.1,AID78268.1(+) | Product: endopeptidase | Protein ID: AID78268.1,AID78269.1(-) | Product: hypothetical protein | Protein ID: AID78269.1,AID78270.1(+) | Product: membrane protein | Protein ID: AID78270.1,AID78271.1(+) | Product: hypothetical protein | Protein ID: AID78271.1,ECOLIN_06625[pseudo](+) | Note: disrupted,,,,,,,,,,,,,,
1343671,1349319,5648,AID78272.1(+) | Product: holin | Protein ID: AID78272.1,AID78273.1(+) | Product: lysozyme | Protein ID: AID78273.1,AID78274.1(+) | Product: endopeptidase | Protein ID: AID78274.1,AID78275.1(-) | Product: hypothetical protein | Protein ID: AID78275.1,AID78276.1(+) | Product: membrane protein | Protein ID: AID78276.1,AID78277.1(+) | Product: hypothetical protein | Protein ID: AID78277.1,AID78278.1(+) | Product: terminase | Protein ID: AID78278.1,ECOLIN_06625[pseudo](+) | Note: disrupted,,,,,,,,,,,,,,
,,,,,,,,,,,,,,,,,,,,,,,,
Group 102,,,,,,,,,,,,,,,,,,,,,,,,
2302248,2308067,5819,AID79125.1(+) | Product: GlcNAc-PI de-N-acetylase | Protein ID: AID79125.1,AID79126.1(+) | Product: membrane protein | Protein ID: AID79126.1,AID79127.1(+) | Product: acetyltransferase | Protein ID: AID79127.1,AID79128.1(+) | Product: membrane protein | Protein ID: AID79128.1,,,,,,,,,,,,,,,,,,
5217489,5223308,5819,AID81684.1(+) | Product: GlcNAc-PI de-N-acetylase | Protein ID: AID81684.1,AID81685.1(+) | Product: membrane protein | Protein ID: AID81685.1,AID81686.1(+) | Product: acetyltransferase | Protein ID: AID81686.1,AID81687.1(+) | Product: membrane protein | Protein ID: AID81687.1,,,,,,,,,,,,,,,,,,
,,,,,,,,,,,,,,,,,,,,,,,,
Group 103,,,,,,,,,,,,,,,,,,,,,,,,
4548454,4554359,5905,AID81104.1(-) | Product: hypothetical protein | Protein ID: AID81104.1,AID81105.1(-) | Product: transcriptional repressor protein MetJ | Protein ID: AID81105.1 | Note: when combined with S-adenosylmethionine represses the expression of the methionine regulon and of proteins involved in S-adenosylmethionine synthesis,AID81106.1(+) | Product: hypothetical protein | Protein ID: AID81106.1,AID81107.1(-) | Product: hypothetical protein | Protein ID: AID81107.1,AID81109.1(-) | Product: hypothetical protein | Protein ID: AID81109.1,AID81110.1(-) | Product: transcriptional repressor protein MetJ | Protein ID: AID81110.1 | Note: when combined with S-adenosylmethionine represses the expression of the methionine regulon and of proteins involved in S-adenosylmethionine synthesis,AID81111.1(+) | Product: hypothetical protein | Protein ID: AID81111.1,AID81112.1(-) | Product: hypothetical protein | Protein ID: AID81112.1,"rpmE(+) | Product: 50S ribosomal protein L31 | Protein ID: AID81103.1 | Note: RpmE; there appears to be two types of ribosomal proteins L31 in bacterial genomes; some contain a CxxC motif while others do not; Bacillus subtilis has both types; the proteins in this cluster have the CXXC motif; RpmE is found in exponentially growing Bacilli while YtiA was found after exponential growth; expression of ytiA is controlled by a zinc-specific transcriptional repressor; RpmE contains one zinc ion and a CxxC motif is responsible for this binding; forms an RNP particle along with proteins L5, L18, and L25 and 5S rRNA; found crosslinked to L2 and L25 and EF-G; may be near the peptidyltransferase site of the 50S ribosome","rpmE(+) | Product: 50S ribosomal protein L31 | Protein ID: AID81108.1 | Note: RpmE; there appears to be two types of ribosomal proteins L31 in bacterial genomes; some contain a CxxC motif while others do not; Bacillus subtilis has both types; the proteins in this cluster have the CXXC motif; RpmE is found in exponentially growing Bacilli while YtiA was found after exponential growth; expression of ytiA is controlled by a zinc-specific transcriptional repressor; RpmE contains one zinc ion and a CxxC motif is responsible for this binding; forms an RNP particle along with proteins L5, L18, and L25 and 5S rRNA; found crosslinked to L2 and L25 and EF-G; may be near the peptidyltransferase site of the 50S ribosome",,,,,,,,,,,,
4550757,4556662,5905,AID81105.1(-) | Product: transcriptional repressor protein MetJ | Protein ID: AID81105.1 | Note: when combined with S-adenosylmethionine represses the expression of the methionine regulon and of proteins involved in S-adenosylmethionine synthesis,AID81106.1(+) | Product: hypothetical protein | Protein ID: AID81106.1,AID81107.1(-) | Product: hypothetical protein | Protein ID: AID81107.1,AID81109.1(-) | Product: hypothetical protein | Protein ID: AID81109.1,AID81110.1(-) | Product: transcriptional repressor protein MetJ | Protein ID: AID81110.1 | Note: when combined with S-adenosylmethionine represses the expression of the methionine regulon and of proteins involved in S-adenosylmethionine synthesis,AID81111.1(+) | Product: hypothetical protein | Protein ID: AID81111.1,AID81112.1(-) | Product: hypothetical protein | Protein ID: AID81112.1,AID81114.1(-) | Product: hypothetical protein | Protein ID: AID81114.1,AID81115.1(-) | Product: transcriptional repressor protein MetJ | Protein ID: AID81115.1 | Note: when combined with S-adenosylmethionine represses the expression of the methionine regulon and of proteins involved in S-adenosylmethionine synthesis,"rpmE(+) | Product: 50S ribosomal protein L31 | Protein ID: AID81108.1 | Note: RpmE; there appears to be two types of ribosomal proteins L31 in bacterial genomes; some contain a CxxC motif while others do not; Bacillus subtilis has both types; the proteins in this cluster have the CXXC motif; RpmE is found in exponentially growing Bacilli while YtiA was found after exponential growth; expression of ytiA is controlled by a zinc-specific transcriptional repressor; RpmE contains one zinc ion and a CxxC motif is responsible for this binding; forms an RNP particle along with proteins L5, L18, and L25 and 5S rRNA; found crosslinked to L2 and L25 and EF-G; may be near the peptidyltransferase site of the 50S ribosome","rpmE(+) | Product: 50S ribosomal protein L31 | Protein ID: AID81113.1 | Note: RpmE; there appears to be two types of ribosomal proteins L31 in bacterial genomes; some contain a CxxC motif while others do not; Bacillus subtilis has both types; the proteins in this cluster have the CXXC motif; RpmE is found in exponentially growing Bacilli while YtiA was found after exponential growth; expression of ytiA is controlled by a zinc-specific transcriptional repressor; RpmE contains one zinc ion and a CxxC motif is responsible for this binding; forms an RNP particle along with proteins L5, L18, and L25 and 5S rRNA; found crosslinked to L2 and L25 and EF-G; may be near the peptidyltransferase site of the 50S ribosome",,,,,,,,,,,
,,,,,,,,,,,,,,,,,,,,,,,,
Group 104,,,,,,,,,,,,,,,,,,,,,,,,
3045621,3052073,6452,AID79747.1(-) | Product: hypothetical protein | Protein ID: AID79747.1,AID79748.1(+) | Product: hypothetical protein | Protein ID: AID79748.1,AID79749.1(+) | Product: NADH:flavorubredoxin oxidoreductase | Protein ID: AID79749.1,AID79750.1(-) | Product: hypothetical protein | Protein ID: AID79750.1,AID79751.1(+) | Product: NADH:flavorubredoxin oxidoreductase | Protein ID: AID79751.1,,,,,,,,,,,,,,,,,
3048178,3054230,6052,AID79750.1(-) | Product: hypothetical protein | Protein ID: AID79750.1,AID79751.1(+) | Product: NADH:flavorubredoxin oxidoreductase | Protein ID: AID79751.1,,,,,,,,,,,,,,,,,,,,
,,,,,,,,,,,,,,,,,,,,,,,,
Group 105,,,,,,,,,,,,,,,,,,,,,,,,
1827690,1833844,6154,AID78707.1(-) | Product: hypothetical protein | Protein ID: AID78707.1,AID78708.1(+) | Product: hypothetical protein | Protein ID: AID78708.1,AID78709.1(-) | Product: hypothetical protein | Protein ID: AID78709.1,AID78710.1(+) | Product: hypothetical protein | Protein ID: AID78710.1,ECOLIN_08965(+) | Product: tRNA-Val,ECOLIN_08970(+) | Product: tRNA-Val,ECOLIN_08985(+) | Product: tRNA-Val,ECOLIN_08990(+) | Product: tRNA-Val,,,,,,,,,,,,,,
1829842,1835947,6105,AID78708.1(+) | Product: hypothetical protein | Protein ID: AID78708.1,AID78709.1(-) | Product: hypothetical protein | Protein ID: AID78709.1,AID78710.1(+) | Product: hypothetical protein | Protein ID: AID78710.1,AID78711.1(-) | Product: hypothetical protein | Protein ID: AID78711.1,AID78712.1(+) | Product: monooxygenase | Protein ID: AID78712.1,ECOLIN_08965(+) | Product: tRNA-Val,ECOLIN_08970(+) | Product: tRNA-Val,ECOLIN_08985(+) | Product: tRNA-Val,ECOLIN_08990(+) | Product: tRNA-Val,ECOLIN_09005(+) | Product: tRNA-Val,ECOLIN_09010(+) | Product: tRNA-Val,,,,,,,,,,,
,,,,,,,,,,,,,,,,,,,,,,,,
Group 106,,,,,,,,,,,,,,,,,,,,,,,,
767869,774720,6851,"AID77738.1(-) | Product: potassium-transporting ATPase subunit C | Protein ID: AID77738.1 | Note: One of the components of the high-affinity ATP-driven potassium transport (or KDP)system, which catalyzes the hydrolysis of ATP coupled with the exchange of hydrogen and potassium ions. The C subunit may be involved in assembly of the KDP complex","AID77739.1(-) | Product: potassium-transporting ATPase subunit B | Protein ID: AID77739.1 | Note: One of the components of the high-affinity ATP-driven potassium transport (or KDP) system, which catalyzes the hydrolysis of ATP coupled with the exchange of hydrogen and potassium ions",AID77740.1(-) | Product: potassium-transporting ATPase subunit A | Protein ID: AID77740.1 | Note: catalyzes the hydrolysis of ATP coupled with the exchange of hydrogen and potassium ions,,,,,,,,,,,,,,,,,,,
5184548,5191399,6851,AID81657.1(-) | Product: sensor protein KdpD | Protein ID: AID81657.1 | Note: sensory histidine kinase in two-component regulatory system with KdpE; signal sensing protein,"AID81658.1(-) | Product: potassium-transporting ATPase subunit C | Protein ID: AID81658.1 | Note: One of the components of the high-affinity ATP-driven potassium transport (or KDP)system, which catalyzes the hydrolysis of ATP coupled with the exchange of hydrogen and potassium ions. The C subunit may be involved in assembly of the KDP complex","AID81659.1(-) | Product: potassium-transporting ATPase subunit B | Protein ID: AID81659.1 | Note: One of the components of the high-affinity ATP-driven potassium transport (or KDP) system, which catalyzes the hydrolysis of ATP coupled with the exchange of hydrogen and potassium ions",AID81660.1(-) | Product: potassium-transporting ATPase subunit A | Protein ID: AID81660.1 | Note: catalyzes the hydrolysis of ATP coupled with the exchange of hydrogen and potassium ions,,,,,,,,,,,,,,,,,,
,,,,,,,,,,,,,,,,,,,,,,,,
Group 107,,,,,,,,,,,,,,,,,,,,,,,,
1206853,1214531,7678,AID78116.1(+) | Product: hypothetical protein | Protein ID: AID78116.1,AID78117.1(+) | Product: malate transporter | Protein ID: AID78117.1,AID78118.1(+) | Product: hypothetical protein | Protein ID: AID78118.1,AID78119.1(-) | Product: hypothetical protein | Protein ID: AID78119.1,AID78120.1(+) | Product: hypothetical protein | Protein ID: AID78120.1,AID78121.1(+) | Product: hypothetical protein | Protein ID: AID78121.1,AID78122.1(+) | Product: hypothetical protein | Protein ID: AID78122.1,AID78123.1(+) | Product: hypothetical protein | Protein ID: AID78123.1,AID78124.1(+) | Product: antitoxin of toxin-antitoxin stability system | Protein ID: AID78124.1,AID78125.1(+) | Product: antitoxin | Protein ID: AID78125.1,AID78126.1(+) | Product: toxin | Protein ID: AID78126.1,AID78127.1(+) | Product: hypothetical protein | Protein ID: AID78127.1,AID78128.1(+) | Product: hypothetical protein | Protein ID: AID78128.1,ECOLIN_05785[pseudo](+) | Note: disrupted,,,,,,,,
3401810,3410092,8282,AID80054.1(+) | Product: hypothetical protein | Protein ID: AID80054.1,AID80055.1(+) | Product: hypothetical protein | Protein ID: AID80055.1,AID80056.1(+) | Product: hypothetical protein | Protein ID: AID80056.1,AID80057.1(+) | Product: hypothetical protein | Protein ID: AID80057.1,AID80058.1(+) | Product: hypothetical protein | Protein ID: AID80058.1,AID80059.1(+) | Product: hypothetical protein | Protein ID: AID80059.1,AID80060.1(+) | Product: hypothetical protein | Protein ID: AID80060.1,AID80061.1(+) | Product: antitoxin of toxin-antitoxin stability system | Protein ID: AID80061.1,AID80062.1(+) | Product: antitoxin | Protein ID: AID80062.1,AID80063.1(+) | Product: toxin | Protein ID: AID80063.1,AID80064.1(+) | Product: hypothetical protein | Protein ID: AID80064.1,ECOLIN_16310[pseudo](+) | Note: disrupted,,,,,,,,,,
,,,,,,,,,,,,,,,,,,,,,,,,
Group 108,,,,,,,,,,,,,,,,,,,,,,,,
269093,277140,8047,AID77313.1(-) | Product: chemotaxis protein | Protein ID: AID77313.1,AID77314.1(-) | Product: hypothetical protein | Protein ID: AID77314.1,AID77315.1(-) | Product: hypothetical protein | Protein ID: AID77315.1,AID77316.1(-) | Product: hypothetical protein | Protein ID: AID77316.1,AID77317.1(-) | Product: hypothetical protein | Protein ID: AID77317.1,AID77318.1(-) | Product: hypothetical protein | Protein ID: AID77318.1,AID77319.1(-) | Product: hypothetical protein | Protein ID: AID77319.1,AID77320.1(-) | Product: phospholipase | Protein ID: AID77320.1,AID77321.1(-) | Product: chemotaxis protein | Protein ID: AID77321.1,,,,,,,,,,,,,
,,,,,,,,,,,,,,,,,,,,,,,,
Group 109,,,,,,,,,,,,,,,,,,,,,,,,
250384,262406,12022,AID77279.1(+) | Product: transposase | Protein ID: AID77279.1,AID77280.1(+) | Product: transposase | Protein ID: AID77280.1,AID77281.1(-) | Product: hypothetical protein | Protein ID: AID77281.1,AID77282.1(-) | Product: malate transporter | Protein ID: AID77282.1,AID77283.1(-) | Product: toxin | Protein ID: AID77283.1,AID77284.1(-) | Product: antitoxin | Protein ID: AID77284.1,AID77285.1(-) | Product: antitoxin of toxin-antitoxin stability system | Protein ID: AID77285.1,AID77286.1(-) | Product: hypothetical protein | Protein ID: AID77286.1,AID77287.1(-) | Product: hypothetical protein | Protein ID: AID77287.1,AID77288.1(-) | Product: hypothetical protein | Protein ID: AID77288.1,AID77289.1(-) | Product: hypothetical protein | Protein ID: AID77289.1,AID77290.1(-) | Product: hypothetical protein | Protein ID: AID77290.1,AID77291.1(-) | Product: hypothetical protein | Protein ID: AID77291.1,AID77292.1(-) | Product: hypothetical protein | Protein ID: AID77292.1,AID77293.1(-) | Product: hypothetical protein | Protein ID: AID77293.1,AID77294.1(-) | Product: hypothetical protein | Protein ID: AID77294.1,AID77295.1(-) | Product: hypothetical protein | Protein ID: AID77295.1,AID77296.1(-) | Product: phospholipase | Protein ID: AID77296.1,AID77297.1(-) | Product: chemotaxis protein | Protein ID: AID77297.1,AID77298.1(-) | Product: hypothetical protein | Protein ID: AID77298.1,AID77299.1(-) | Product: toxin | Protein ID: AID77299.1,ECOLIN_01185[pseudo](+) | Note: disrupted
259273,271297,12024,AID77297.1(-) | Product: chemotaxis protein | Protein ID: AID77297.1,AID77298.1(-) | Product: hypothetical protein | Protein ID: AID77298.1,AID77299.1(-) | Product: toxin | Protein ID: AID77299.1,AID77300.1(-) | Product: antitoxin | Protein ID: AID77300.1,AID77301.1(-) | Product: antitoxin of toxin-antitoxin stability system | Protein ID: AID77301.1,AID77302.1(-) | Product: hypothetical protein | Protein ID: AID77302.1,AID77303.1(-) | Product: hypothetical protein | Protein ID: AID77303.1,AID77304.1(-) | Product: hypothetical protein | Protein ID: AID77304.1,AID77305.1(-) | Product: hypothetical protein | Protein ID: AID77305.1,AID77306.1(-) | Product: hypothetical protein | Protein ID: AID77306.1,AID77307.1(-) | Product: hypothetical protein | Protein ID: AID77307.1,AID77308.1(-) | Product: hypothetical protein | Protein ID: AID77308.1,AID77309.1(-) | Product: hypothetical protein | Protein ID: AID77309.1,AID77310.1(-) | Product: hypothetical protein | Protein ID: AID77310.1,AID77311.1(-) | Product: hypothetical protein | Protein ID: AID77311.1,AID77312.1(-) | Product: phospholipase | Protein ID: AID77312.1,AID77313.1(-) | Product: chemotaxis protein | Protein ID: AID77313.1,,,,,
,,,,,,,,,,,,,,,,,,,,,,,,
Group 110,,,,,,,,,,,,,,,,,,,,,,,,
4646177,4659194,13017,AID81183.1(+) | Product: hypothetical protein | Protein ID: AID81183.1,AID81184.1(-) | Product: acetyltransferase | Protein ID: AID81184.1,AID81185.1(+) | Product: homoserine O-succinyltransferase | Protein ID: AID81185.1 | Note: catalyzes the formation of O-succinyl-L-homoserine from succinyl-CoA and L-homoserine in methionine biosynthesis,AID81186.1(+) | Product: malate synthase | Protein ID: AID81186.1 | Note: Catalyzes the aldol condensation of glyoxylate with acetyl-CoA to form malate as part of the second step of the glyoxylate bypass and an alternative to the tricarboxylic acid cycle,AID81187.1(+) | Product: isocitrate lyase | Protein ID: AID81187.1,ECOLIN_22365(+) | Product: tRNA-Glu,ECOLIN_22370(+) | Product: 23S ribosomal RNA,ECOLIN_22375(+) | Product: 5S ribosomal RNA,aceK(+) | Product: isocitrate dehydrogenase | Protein ID: AID81188.1 | Note: catalyzes the phosphorylation/dephosphorylation of the enzyme isocitrate dehydrogenase on a specific serine which regulates activity; unphosphorylated IDH is fully active when cells are grown on glucose while the enzyme becomes phosphorylated and inactive in the presence of acetate or ethanol,aceK[pseudo](+) | Note: disrupted,,,,,,,,,,,,
5095760,5108768,13008,AID81587.1(+) | Product: hypothetical protein | Protein ID: AID81587.1,AID81588.1(-) | Product: acetyltransferase | Protein ID: AID81588.1,AID81589.1(+) | Product: homoserine O-succinyltransferase | Protein ID: AID81589.1 | Note: catalyzes the formation of O-succinyl-L-homoserine from succinyl-CoA and L-homoserine in methionine biosynthesis,AID81590.1(+) | Product: malate synthase | Protein ID: AID81590.1 | Note: Catalyzes the aldol condensation of glyoxylate with acetyl-CoA to form malate as part of the second step of the glyoxylate bypass and an alternative to the tricarboxylic acid cycle,AID81591.1(+) | Product: isocitrate lyase | Protein ID: AID81591.1,AID81592.1(+) | Product: transposase | Protein ID: AID81592.1,ECOLIN_24600(+) | Product: tRNA-Glu,ECOLIN_24605(+) | Product: tRNA-Glu,ECOLIN_24610(+) | Product: 23S ribosomal RNA,ECOLIN_24615(+) | Product: 5S ribosomal RNA,ECOLIN_24645[pseudo](-) | Note: disrupted,,,,,,,,,,,
,,,,,,,,,,,,,,,,,,,,,,,,
Group 111,,,,,,,,,,,,,,,,,,,,,,,,
3666656,3685963,19307,AID80306.1(-) | Product: ribosome maturation protein RimP | Protein ID: AID80306.1 | Note: required for the maturation of the 30S ribosomal subunits,AID80307.1(+) | Product: argininosuccinate synthase | Protein ID: AID80307.1 | Note: catalyzes the formation of arginosuccinate from citrulline and aspartate in arginine biosynthesis,AID80309.1(-) | Product: ribosome maturation protein RimP | Protein ID: AID80309.1 | Note: required for the maturation of the 30S ribosomal subunits,AID80311.1(-) | Product: ribosome maturation protein RimP | Protein ID: AID80311.1 | Note: required for the maturation of the 30S ribosomal subunits,AID80312.1(+) | Product: argininosuccinate synthase | Protein ID: AID80312.1 | Note: catalyzes the formation of arginosuccinate from citrulline and aspartate in arginine biosynthesis,AID80314.1(-) | Product: ribosome maturation protein RimP | Protein ID: AID80314.1 | Note: required for the maturation of the 30S ribosomal subunits,AID80315.1(+) | Product: argininosuccinate synthase | Protein ID: AID80315.1 | Note: catalyzes the formation of arginosuccinate from citrulline and aspartate in arginine biosynthesis,AID80316.1(-) | Product: phosphate starvation-inducible protein PsiE | Protein ID: AID80316.1,ECOLIN_17585(-) | Product: tRNA-Met,ECOLIN_17605(-) | Product: tRNA-Met,ECOLIN_17610[pseudo](+) | Note: disrupted,ECOLIN_17625(-) | Product: tRNA-Met,ECOLIN_17645(-) | Product: tRNA-Met,"nusA(-) | Product: transcription elongation factor NusA | Protein ID: AID80305.1 | Note: modifies transcription through interactions with RNA polymerase affecting elongation, readthrough, termination, and antitermination","nusA(-) | Product: transcription elongation factor NusA | Protein ID: AID80308.1 | Note: modifies transcription through interactions with RNA polymerase affecting elongation, readthrough, termination, and antitermination","nusA(-) | Product: transcription elongation factor NusA | Protein ID: AID80310.1 | Note: modifies transcription through interactions with RNA polymerase affecting elongation, readthrough, termination, and antitermination","nusA(-) | Product: transcription elongation factor NusA | Protein ID: AID80313.1 | Note: modifies transcription through interactions with RNA polymerase affecting elongation, readthrough, termination, and antitermination",,,,,
